variant	image	m	q	size	zsim	ms
zen_tuned	1000-lilith-photos-general	0	10	36344	20.025	13.32
zen_tuned	1000-lilith-photos-general	0	25	60710	44.787	14.69
zen_tuned	1000-lilith-photos-general	0	35	75076	54.792	16.12
zen_tuned	1000-lilith-photos-general	0	50	94550	63.153	17.65
zen_tuned	1000-lilith-photos-general	0	65	110524	69.818	18.55
zen_tuned	1000-lilith-photos-general	0	75	123254	72.829	19.43
zen_tuned	1000-lilith-photos-general	0	85	173268	79.915	22.84
zen_tuned	1000-lilith-photos-general	0	90	215214	82.490	29.44
zen_tuned	1000-lilith-photos-general	0	95	291418	85.118	34.95
zen_tuned	1000-lilith-photos-general	2	10	32582	21.173	11.58
zen_tuned	1000-lilith-photos-general	2	25	53518	44.894	14.20
zen_tuned	1000-lilith-photos-general	2	35	67074	54.604	14.83
zen_tuned	1000-lilith-photos-general	2	50	87416	63.726	17.45
zen_tuned	1000-lilith-photos-general	2	65	103778	69.157	17.43
zen_tuned	1000-lilith-photos-general	2	75	117102	72.318	18.58
zen_tuned	1000-lilith-photos-general	2	85	167012	79.580	23.07
zen_tuned	1000-lilith-photos-general	2	90	214870	82.537	26.04
zen_tuned	1000-lilith-photos-general	2	95	292610	85.161	31.72
zen_tuned	1000-lilith-photos-general	4	10	30452	21.129	37.54
zen_tuned	1000-lilith-photos-general	4	25	51852	45.321	41.52
zen_tuned	1000-lilith-photos-general	4	35	64926	54.791	43.17
zen_tuned	1000-lilith-photos-general	4	50	85244	64.640	45.85
zen_tuned	1000-lilith-photos-general	4	65	100546	70.075	46.84
zen_tuned	1000-lilith-photos-general	4	75	113416	73.353	49.01
zen_tuned	1000-lilith-photos-general	4	85	163672	80.249	54.39
zen_tuned	1000-lilith-photos-general	4	90	211236	83.055	59.73
zen_tuned	1000-lilith-photos-general	4	95	299918	85.660	68.19
zen_tuned	1000-lilith-photos-general	6	10	26550	18.045	78.10
zen_tuned	1000-lilith-photos-general	6	25	44346	43.021	98.50
zen_tuned	1000-lilith-photos-general	6	35	56428	53.581	114.22
zen_tuned	1000-lilith-photos-general	6	50	77082	64.228	126.66
zen_tuned	1000-lilith-photos-general	6	65	93764	69.871	138.68
zen_tuned	1000-lilith-photos-general	6	75	106444	73.475	142.81
zen_tuned	1000-lilith-photos-general	6	85	158420	80.462	161.09
zen_tuned	1000-lilith-photos-general	6	90	199652	83.187	178.11
zen_tuned	1000-lilith-photos-general	6	95	286240	85.596	208.46
zen_tuned	1400-lilith-nature	0	10	15518	35.141	10.96
zen_tuned	1400-lilith-nature	0	25	25360	49.855	12.32
zen_tuned	1400-lilith-nature	0	35	32594	56.930	12.60
zen_tuned	1400-lilith-nature	0	50	42426	62.740	13.47
zen_tuned	1400-lilith-nature	0	65	51272	67.821	13.96
zen_tuned	1400-lilith-nature	0	75	57992	70.450	14.63
zen_tuned	1400-lilith-nature	0	85	88842	78.438	16.30
zen_tuned	1400-lilith-nature	0	90	116480	83.560	22.04
zen_tuned	1400-lilith-nature	0	95	185182	87.023	27.25
zen_tuned	1400-lilith-nature	2	10	14634	37.287	9.67
zen_tuned	1400-lilith-nature	2	25	23460	50.595	10.27
zen_tuned	1400-lilith-nature	2	35	29880	57.371	11.14
zen_tuned	1400-lilith-nature	2	50	38938	63.348	12.04
zen_tuned	1400-lilith-nature	2	65	47690	68.640	12.90
zen_tuned	1400-lilith-nature	2	75	54882	71.783	13.52
zen_tuned	1400-lilith-nature	2	85	85336	79.583	15.60
zen_tuned	1400-lilith-nature	2	90	114656	83.323	17.98
zen_tuned	1400-lilith-nature	2	95	185252	87.058	23.74
zen_tuned	1400-lilith-nature	4	10	13526	36.693	30.78
zen_tuned	1400-lilith-nature	4	25	21930	50.269	34.11
zen_tuned	1400-lilith-nature	4	35	28128	57.354	35.32
zen_tuned	1400-lilith-nature	4	50	37274	64.331	38.59
zen_tuned	1400-lilith-nature	4	65	45958	69.167	38.48
zen_tuned	1400-lilith-nature	4	75	52950	72.175	41.17
zen_tuned	1400-lilith-nature	4	85	83666	79.440	43.29
zen_tuned	1400-lilith-nature	4	90	116180	83.965	49.81
zen_tuned	1400-lilith-nature	4	95	183996	87.672	54.04
zen_tuned	1400-lilith-nature	6	10	12062	35.648	52.90
zen_tuned	1400-lilith-nature	6	25	19430	49.470	62.65
zen_tuned	1400-lilith-nature	6	35	24974	56.711	69.31
zen_tuned	1400-lilith-nature	6	50	33336	63.751	84.32
zen_tuned	1400-lilith-nature	6	65	41474	68.659	88.24
zen_tuned	1400-lilith-nature	6	75	48300	71.760	94.11
zen_tuned	1400-lilith-nature	6	85	78840	79.503	111.83
zen_tuned	1400-lilith-nature	6	90	112194	84.330	136.76
zen_tuned	1400-lilith-nature	6	95	166938	87.530	159.79
zen_tuned	1600-lilith-food	0	10	24186	44.319	12.99
zen_tuned	1600-lilith-food	0	25	35970	56.752	14.03
zen_tuned	1600-lilith-food	0	35	43980	62.456	13.92
zen_tuned	1600-lilith-food	0	50	54708	68.163	15.61
zen_tuned	1600-lilith-food	0	65	64638	72.238	15.68
zen_tuned	1600-lilith-food	0	75	73018	74.945	16.46
zen_tuned	1600-lilith-food	0	85	114394	82.575	19.18
zen_tuned	1600-lilith-food	0	90	136038	85.598	24.22
zen_tuned	1600-lilith-food	0	95	205448	89.246	30.66
zen_tuned	1600-lilith-food	2	10	22320	46.425	11.39
zen_tuned	1600-lilith-food	2	25	31464	57.874	12.72
zen_tuned	1600-lilith-food	2	35	37508	63.362	13.62
zen_tuned	1600-lilith-food	2	50	46128	68.417	14.32
zen_tuned	1600-lilith-food	2	65	54716	72.225	15.87
zen_tuned	1600-lilith-food	2	75	62302	75.055	16.73
zen_tuned	1600-lilith-food	2	85	100290	82.021	18.92
zen_tuned	1600-lilith-food	2	90	136612	85.826	21.77
zen_tuned	1600-lilith-food	2	95	206584	89.244	26.89
zen_tuned	1600-lilith-food	4	10	19618	44.660	35.55
zen_tuned	1600-lilith-food	4	25	28050	56.776	39.55
zen_tuned	1600-lilith-food	4	35	33900	62.253	40.15
zen_tuned	1600-lilith-food	4	50	42748	68.106	40.31
zen_tuned	1600-lilith-food	4	65	51462	72.500	43.49
zen_tuned	1600-lilith-food	4	75	59136	75.135	43.28
zen_tuned	1600-lilith-food	4	85	94300	82.439	47.11
zen_tuned	1600-lilith-food	4	90	130932	86.292	51.57
zen_tuned	1600-lilith-food	4	95	206232	89.867	58.94
zen_tuned	1600-lilith-food	6	10	19202	44.678	62.58
zen_tuned	1600-lilith-food	6	25	27132	57.276	72.45
zen_tuned	1600-lilith-food	6	35	32812	62.225	78.27
zen_tuned	1600-lilith-food	6	50	40564	68.478	89.50
zen_tuned	1600-lilith-food	6	65	49156	72.651	95.93
zen_tuned	1600-lilith-food	6	75	56422	75.459	102.45
zen_tuned	1600-lilith-food	6	85	89050	82.449	122.83
zen_tuned	1600-lilith-food	6	90	124208	86.294	143.21
zen_tuned	1600-lilith-food	6	95	195056	89.917	175.35
zen_tuned	2000-unsplash-people	0	10	15356	46.566	10.83
zen_tuned	2000-unsplash-people	0	25	23080	58.617	11.21
zen_tuned	2000-unsplash-people	0	35	28276	63.630	11.80
zen_tuned	2000-unsplash-people	0	50	35798	68.936	12.47
zen_tuned	2000-unsplash-people	0	65	43378	72.781	13.07
zen_tuned	2000-unsplash-people	0	75	48846	74.973	13.32
zen_tuned	2000-unsplash-people	0	85	74410	81.770	15.49
zen_tuned	2000-unsplash-people	0	90	92422	84.808	19.45
zen_tuned	2000-unsplash-people	0	95	153044	88.039	24.01
zen_tuned	2000-unsplash-people	2	10	14482	48.184	9.42
zen_tuned	2000-unsplash-people	2	25	20854	59.163	10.12
zen_tuned	2000-unsplash-people	2	35	24954	64.159	10.59
zen_tuned	2000-unsplash-people	2	50	31022	69.388	11.48
zen_tuned	2000-unsplash-people	2	65	37452	72.940	12.37
zen_tuned	2000-unsplash-people	2	75	42674	75.288	12.20
zen_tuned	2000-unsplash-people	2	85	67066	81.572	14.53
zen_tuned	2000-unsplash-people	2	90	91984	84.707	16.15
zen_tuned	2000-unsplash-people	2	95	153726	88.222	20.81
zen_tuned	2000-unsplash-people	4	10	12934	47.188	28.16
zen_tuned	2000-unsplash-people	4	25	18708	58.397	30.87
zen_tuned	2000-unsplash-people	4	35	22628	63.848	31.30
zen_tuned	2000-unsplash-people	4	50	28978	69.255	33.47
zen_tuned	2000-unsplash-people	4	65	35054	72.678	34.51
zen_tuned	2000-unsplash-people	4	75	40216	74.759	34.62
zen_tuned	2000-unsplash-people	4	85	63698	81.750	38.50
zen_tuned	2000-unsplash-people	4	90	91060	85.474	43.02
zen_tuned	2000-unsplash-people	4	95	152326	88.657	50.03
zen_tuned	2000-unsplash-people	6	10	12320	46.820	49.69
zen_tuned	2000-unsplash-people	6	25	17856	58.526	55.16
zen_tuned	2000-unsplash-people	6	35	21426	63.667	59.26
zen_tuned	2000-unsplash-people	6	50	27408	69.116	67.98
zen_tuned	2000-unsplash-people	6	65	33284	72.791	71.56
zen_tuned	2000-unsplash-people	6	75	38206	74.792	76.84
zen_tuned	2000-unsplash-people	6	85	60976	81.890	92.05
zen_tuned	2000-unsplash-people	6	90	86032	85.229	101.04
zen_tuned	2000-unsplash-people	6	95	140526	88.560	132.23
zen_tuned	2400-unsplash-textures	0	10	10250	54.955	11.80
zen_tuned	2400-unsplash-textures	0	25	13826	63.590	11.40
zen_tuned	2400-unsplash-textures	0	35	16498	67.224	11.96
zen_tuned	2400-unsplash-textures	0	50	20732	71.628	12.32
zen_tuned	2400-unsplash-textures	0	65	24446	74.687	12.22
zen_tuned	2400-unsplash-textures	0	75	26914	76.059	12.32
zen_tuned	2400-unsplash-textures	0	85	38490	79.863	14.32
zen_tuned	2400-unsplash-textures	0	90	47886	81.914	17.00
zen_tuned	2400-unsplash-textures	0	95	80042	83.455	36.90
zen_tuned	2400-unsplash-textures	2	10	9112	57.260	9.29
zen_tuned	2400-unsplash-textures	2	25	11928	64.873	9.17
zen_tuned	2400-unsplash-textures	2	35	13976	68.886	9.75
zen_tuned	2400-unsplash-textures	2	50	17216	72.160	9.72
zen_tuned	2400-unsplash-textures	2	65	20238	75.034	10.27
zen_tuned	2400-unsplash-textures	2	75	22764	76.191	10.50
zen_tuned	2400-unsplash-textures	2	85	34608	79.632	11.67
zen_tuned	2400-unsplash-textures	2	90	46982	81.656	12.32
zen_tuned	2400-unsplash-textures	2	95	80860	83.671	17.23
zen_tuned	2400-unsplash-textures	4	10	8380	56.387	26.47
zen_tuned	2400-unsplash-textures	4	25	10846	64.008	27.98
zen_tuned	2400-unsplash-textures	4	35	12708	68.405	28.36
zen_tuned	2400-unsplash-textures	4	50	15834	72.294	29.54
zen_tuned	2400-unsplash-textures	4	65	18826	75.121	31.25
zen_tuned	2400-unsplash-textures	4	75	21430	76.729	32.30
zen_tuned	2400-unsplash-textures	4	85	33136	80.202	33.31
zen_tuned	2400-unsplash-textures	4	90	46312	82.077	36.06
zen_tuned	2400-unsplash-textures	4	95	80650	83.769	41.78
zen_tuned	2400-unsplash-textures	6	10	8344	56.052	41.87
zen_tuned	2400-unsplash-textures	6	25	10792	64.528	45.15
zen_tuned	2400-unsplash-textures	6	35	12536	68.077	46.60
zen_tuned	2400-unsplash-textures	6	50	15400	72.222	49.09
zen_tuned	2400-unsplash-textures	6	65	18400	75.094	54.62
zen_tuned	2400-unsplash-textures	6	75	20612	76.709	56.31
zen_tuned	2400-unsplash-textures	6	85	31690	80.036	61.67
zen_tuned	2400-unsplash-textures	6	90	44250	81.950	69.92
zen_tuned	2400-unsplash-textures	6	95	71334	83.553	83.27
zen_tuned	3300-met-museum-photos	0	10	17980	44.465	12.72
zen_tuned	3300-met-museum-photos	0	25	27584	56.241	13.78
zen_tuned	3300-met-museum-photos	0	35	34648	61.675	13.60
zen_tuned	3300-met-museum-photos	0	50	43508	66.898	14.65
zen_tuned	3300-met-museum-photos	0	65	53094	70.574	16.24
zen_tuned	3300-met-museum-photos	0	75	62228	73.283	16.20
zen_tuned	3300-met-museum-photos	0	85	99152	81.267	20.34
zen_tuned	3300-met-museum-photos	0	90	128408	84.807	24.24
zen_tuned	3300-met-museum-photos	0	95	225378	89.276	31.64
zen_tuned	3300-met-museum-photos	2	10	16796	45.654	10.12
zen_tuned	3300-met-museum-photos	2	25	25068	57.336	11.46
zen_tuned	3300-met-museum-photos	2	35	31086	62.557	12.27
zen_tuned	3300-met-museum-photos	2	50	38476	67.345	13.19
zen_tuned	3300-met-museum-photos	2	65	47356	71.417	14.20
zen_tuned	3300-met-museum-photos	2	75	55456	73.390	14.66
zen_tuned	3300-met-museum-photos	2	85	89630	80.919	18.99
zen_tuned	3300-met-museum-photos	2	90	128874	85.026	21.22
zen_tuned	3300-met-museum-photos	2	95	225948	89.241	26.70
zen_tuned	3300-met-museum-photos	4	10	15228	44.977	34.66
zen_tuned	3300-met-museum-photos	4	25	22744	56.202	37.15
zen_tuned	3300-met-museum-photos	4	35	28374	61.482	38.74
zen_tuned	3300-met-museum-photos	4	50	36024	66.391	39.77
zen_tuned	3300-met-museum-photos	4	65	44618	71.484	41.42
zen_tuned	3300-met-museum-photos	4	75	52948	73.317	45.78
zen_tuned	3300-met-museum-photos	4	85	87110	81.613	50.31
zen_tuned	3300-met-museum-photos	4	90	132188	86.229	54.49
zen_tuned	3300-met-museum-photos	4	95	229162	90.045	65.03
zen_tuned	3300-met-museum-photos	6	10	14308	44.765	63.50
zen_tuned	3300-met-museum-photos	6	25	21118	55.893	72.13
zen_tuned	3300-met-museum-photos	6	35	25902	61.717	79.75
zen_tuned	3300-met-museum-photos	6	50	33198	66.366	84.25
zen_tuned	3300-met-museum-photos	6	65	41332	71.322	94.40
zen_tuned	3300-met-museum-photos	6	75	49036	74.243	106.24
zen_tuned	3300-met-museum-photos	6	85	81002	81.423	125.33
zen_tuned	3300-met-museum-photos	6	90	123780	86.348	159.22
zen_tuned	3300-met-museum-photos	6	95	207142	89.936	201.61
zen_tuned	5200-epa-climate-impact-2021-report	0	10	28274	53.573	18.56
zen_tuned	5200-epa-climate-impact-2021-report	0	25	38646	63.893	12.94
zen_tuned	5200-epa-climate-impact-2021-report	0	35	46504	69.315	13.35
zen_tuned	5200-epa-climate-impact-2021-report	0	50	54728	73.818	15.21
zen_tuned	5200-epa-climate-impact-2021-report	0	65	62968	77.819	15.03
zen_tuned	5200-epa-climate-impact-2021-report	0	75	68298	79.786	15.52
zen_tuned	5200-epa-climate-impact-2021-report	0	85	91920	84.858	24.39
zen_tuned	5200-epa-climate-impact-2021-report	0	90	104984	86.902	21.62
zen_tuned	5200-epa-climate-impact-2021-report	0	95	147826	88.991	24.28
zen_tuned	5200-epa-climate-impact-2021-report	2	10	23838	54.611	11.03
zen_tuned	5200-epa-climate-impact-2021-report	2	25	32344	64.036	11.62
zen_tuned	5200-epa-climate-impact-2021-report	2	35	38820	69.809	12.66
zen_tuned	5200-epa-climate-impact-2021-report	2	50	46312	73.911	12.97
zen_tuned	5200-epa-climate-impact-2021-report	2	65	53948	77.931	13.84
zen_tuned	5200-epa-climate-impact-2021-report	2	75	60184	80.049	14.54
zen_tuned	5200-epa-climate-impact-2021-report	2	85	85102	84.920	15.56
zen_tuned	5200-epa-climate-impact-2021-report	2	90	104008	86.831	17.16
zen_tuned	5200-epa-climate-impact-2021-report	2	95	147526	89.022	21.58
zen_tuned	5200-epa-climate-impact-2021-report	4	10	21962	54.167	34.98
zen_tuned	5200-epa-climate-impact-2021-report	4	25	29934	64.419	33.00
zen_tuned	5200-epa-climate-impact-2021-report	4	35	35642	68.892	32.91
zen_tuned	5200-epa-climate-impact-2021-report	4	50	43708	74.055	34.78
zen_tuned	5200-epa-climate-impact-2021-report	4	65	51254	77.725	34.61
zen_tuned	5200-epa-climate-impact-2021-report	4	75	57328	80.341	36.12
zen_tuned	5200-epa-climate-impact-2021-report	4	85	81974	85.104	37.31
zen_tuned	5200-epa-climate-impact-2021-report	4	90	101980	87.253	40.48
zen_tuned	5200-epa-climate-impact-2021-report	4	95	145886	89.183	43.28
zen_tuned	5200-epa-climate-impact-2021-report	6	10	20316	53.738	64.64
zen_tuned	5200-epa-climate-impact-2021-report	6	25	28040	64.508	68.88
zen_tuned	5200-epa-climate-impact-2021-report	6	35	33132	69.645	73.60
zen_tuned	5200-epa-climate-impact-2021-report	6	50	41046	74.267	80.89
zen_tuned	5200-epa-climate-impact-2021-report	6	65	47810	77.822	85.91
zen_tuned	5200-epa-climate-impact-2021-report	6	75	54004	80.131	90.75
zen_tuned	5200-epa-climate-impact-2021-report	6	85	78284	85.005	99.52
zen_tuned	5200-epa-climate-impact-2021-report	6	90	98554	87.508	108.11
zen_tuned	5200-epa-climate-impact-2021-report	6	95	141962	89.238	120.88
zen_tuned	7000-lilith-plots	0	10	188442	49.497	27.22
zen_tuned	7000-lilith-plots	0	25	232214	57.708	29.13
zen_tuned	7000-lilith-plots	0	35	250776	60.781	31.45
zen_tuned	7000-lilith-plots	0	50	274196	62.926	31.89
zen_tuned	7000-lilith-plots	0	65	296766	65.049	36.61
zen_tuned	7000-lilith-plots	0	75	311302	65.603	37.27
zen_tuned	7000-lilith-plots	0	85	364330	66.665	39.47
zen_tuned	7000-lilith-plots	0	90	353276	67.047	45.04
zen_tuned	7000-lilith-plots	0	95	399526	67.250	47.34
zen_tuned	7000-lilith-plots	2	10	151784	49.854	26.10
zen_tuned	7000-lilith-plots	2	25	188790	56.964	27.87
zen_tuned	7000-lilith-plots	2	35	204756	59.545	29.37
zen_tuned	7000-lilith-plots	2	50	227166	62.053	31.28
zen_tuned	7000-lilith-plots	2	65	247840	64.020	31.05
zen_tuned	7000-lilith-plots	2	75	263642	64.787	34.73
zen_tuned	7000-lilith-plots	2	85	316892	65.977	37.28
zen_tuned	7000-lilith-plots	2	90	354970	67.040	42.16
zen_tuned	7000-lilith-plots	2	95	401158	67.234	42.76
zen_tuned	7000-lilith-plots	4	10	146912	49.389	62.73
zen_tuned	7000-lilith-plots	4	25	181932	56.416	66.00
zen_tuned	7000-lilith-plots	4	35	198314	59.353	70.36
zen_tuned	7000-lilith-plots	4	50	219948	62.401	67.74
zen_tuned	7000-lilith-plots	4	65	239360	64.267	68.75
zen_tuned	7000-lilith-plots	4	75	253286	65.078	69.10
zen_tuned	7000-lilith-plots	4	85	302464	66.413	74.75
zen_tuned	7000-lilith-plots	4	90	336486	67.154	76.70
zen_tuned	7000-lilith-plots	4	95	387744	67.113	79.18
zen_tuned	7000-lilith-plots	6	10	138086	49.439	195.66
zen_tuned	7000-lilith-plots	6	25	175146	56.659	203.34
zen_tuned	7000-lilith-plots	6	35	193310	59.595	212.98
zen_tuned	7000-lilith-plots	6	50	215542	62.016	215.80
zen_tuned	7000-lilith-plots	6	65	235712	64.104	212.63
zen_tuned	7000-lilith-plots	6	75	249110	64.928	210.08
zen_tuned	7000-lilith-plots	6	85	299430	66.291	212.06
zen_tuned	7000-lilith-plots	6	90	337692	67.114	214.90
zen_tuned	7000-lilith-plots	6	95	385652	67.082	224.47
zen_tuned	8100-lilith-web-screenshots	0	10	23348	56.381	10.54
zen_tuned	8100-lilith-web-screenshots	0	25	32112	66.099	10.69
zen_tuned	8100-lilith-web-screenshots	0	35	36804	70.414	11.47
zen_tuned	8100-lilith-web-screenshots	0	50	44012	75.020	11.93
zen_tuned	8100-lilith-web-screenshots	0	65	49266	78.117	11.85
zen_tuned	8100-lilith-web-screenshots	0	75	54418	80.507	12.29
zen_tuned	8100-lilith-web-screenshots	0	85	71062	84.210	13.82
zen_tuned	8100-lilith-web-screenshots	0	90	77038	85.680	17.45
zen_tuned	8100-lilith-web-screenshots	0	95	98394	86.605	18.11
zen_tuned	8100-lilith-web-screenshots	2	10	22218	59.225	8.95
zen_tuned	8100-lilith-web-screenshots	2	25	28804	67.396	9.50
zen_tuned	8100-lilith-web-screenshots	2	35	32352	70.891	9.89
zen_tuned	8100-lilith-web-screenshots	2	50	38392	75.675	10.14
zen_tuned	8100-lilith-web-screenshots	2	65	43024	78.373	10.54
zen_tuned	8100-lilith-web-screenshots	2	75	47608	80.861	10.99
zen_tuned	8100-lilith-web-screenshots	2	85	63692	84.310	12.14
zen_tuned	8100-lilith-web-screenshots	2	90	77214	85.587	12.97
zen_tuned	8100-lilith-web-screenshots	2	95	98716	86.517	15.84
zen_tuned	8100-lilith-web-screenshots	4	10	20250	59.916	27.18
zen_tuned	8100-lilith-web-screenshots	4	25	26436	67.559	25.93
zen_tuned	8100-lilith-web-screenshots	4	35	30518	70.867	26.25
zen_tuned	8100-lilith-web-screenshots	4	50	36470	75.743	26.51
zen_tuned	8100-lilith-web-screenshots	4	65	41666	78.536	27.49
zen_tuned	8100-lilith-web-screenshots	4	75	45520	80.768	27.61
zen_tuned	8100-lilith-web-screenshots	4	85	62018	84.234	29.50
zen_tuned	8100-lilith-web-screenshots	4	90	75416	85.760	32.46
zen_tuned	8100-lilith-web-screenshots	4	95	97368	86.660	32.83
zen_tuned	8100-lilith-web-screenshots	6	10	19088	59.621	56.67
zen_tuned	8100-lilith-web-screenshots	6	25	25280	67.648	53.89
zen_tuned	8100-lilith-web-screenshots	6	35	29344	71.132	59.36
zen_tuned	8100-lilith-web-screenshots	6	50	35284	76.067	60.90
zen_tuned	8100-lilith-web-screenshots	6	65	40220	78.906	61.49
zen_tuned	8100-lilith-web-screenshots	6	75	44132	80.881	63.63
zen_tuned	8100-lilith-web-screenshots	6	85	60098	84.403	67.93
zen_tuned	8100-lilith-web-screenshots	6	90	74064	85.888	72.17
zen_tuned	8100-lilith-web-screenshots	6	95	94424	86.800	81.20
zen_tuned	9000-lilith-ai-clipart	0	10	8872	67.167	9.17
zen_tuned	9000-lilith-ai-clipart	0	25	11318	74.240	9.76
zen_tuned	9000-lilith-ai-clipart	0	35	13060	76.717	9.70
zen_tuned	9000-lilith-ai-clipart	0	50	15268	81.749	9.73
zen_tuned	9000-lilith-ai-clipart	0	65	16458	84.109	10.25
zen_tuned	9000-lilith-ai-clipart	0	75	17108	85.732	10.27
zen_tuned	9000-lilith-ai-clipart	0	85	20934	89.710	10.75
zen_tuned	9000-lilith-ai-clipart	0	90	23170	91.675	13.74
zen_tuned	9000-lilith-ai-clipart	0	95	31710	93.166	13.62
zen_tuned	9000-lilith-ai-clipart	2	10	6282	70.293	7.84
zen_tuned	9000-lilith-ai-clipart	2	25	7568	76.676	7.95
zen_tuned	9000-lilith-ai-clipart	2	35	8544	78.321	7.65
zen_tuned	9000-lilith-ai-clipart	2	50	9988	82.591	7.75
zen_tuned	9000-lilith-ai-clipart	2	65	11108	84.518	8.12
zen_tuned	9000-lilith-ai-clipart	2	75	12292	85.974	8.32
zen_tuned	9000-lilith-ai-clipart	2	85	16922	89.717	8.87
zen_tuned	9000-lilith-ai-clipart	2	90	21808	91.597	8.84
zen_tuned	9000-lilith-ai-clipart	2	95	30490	92.948	10.99
zen_tuned	9000-lilith-ai-clipart	4	10	5870	69.273	26.26
zen_tuned	9000-lilith-ai-clipart	4	25	6964	75.991	21.23
zen_tuned	9000-lilith-ai-clipart	4	35	7872	78.895	21.73
zen_tuned	9000-lilith-ai-clipart	4	50	9452	82.627	22.08
zen_tuned	9000-lilith-ai-clipart	4	65	10708	84.889	21.62
zen_tuned	9000-lilith-ai-clipart	4	75	11756	85.911	21.20
zen_tuned	9000-lilith-ai-clipart	4	85	16658	90.066	22.09
zen_tuned	9000-lilith-ai-clipart	4	90	20916	92.067	24.47
zen_tuned	9000-lilith-ai-clipart	4	95	29790	93.216	25.10
zen_tuned	9000-lilith-ai-clipart	6	10	5586	69.427	44.93
zen_tuned	9000-lilith-ai-clipart	6	25	6654	76.049	35.09
zen_tuned	9000-lilith-ai-clipart	6	35	7524	79.302	34.66
zen_tuned	9000-lilith-ai-clipart	6	50	9008	82.484	37.01
zen_tuned	9000-lilith-ai-clipart	6	65	10342	84.755	36.67
zen_tuned	9000-lilith-ai-clipart	6	75	11312	86.071	39.77
zen_tuned	9000-lilith-ai-clipart	6	85	16074	89.788	39.72
zen_tuned	9000-lilith-ai-clipart	6	90	20514	92.108	44.53
zen_tuned	9000-lilith-ai-clipart	6	95	29404	93.119	44.49
zen_tuned	9094-lilith-ai-illustrations	0	10	44346	43.980	12.92
zen_tuned	9094-lilith-ai-illustrations	0	25	67238	56.443	14.27
zen_tuned	9094-lilith-ai-illustrations	0	35	80884	61.392	15.26
zen_tuned	9094-lilith-ai-illustrations	0	50	101666	66.949	16.79
zen_tuned	9094-lilith-ai-illustrations	0	65	120764	71.291	18.44
zen_tuned	9094-lilith-ai-illustrations	0	75	137230	74.232	20.02
zen_tuned	9094-lilith-ai-illustrations	0	85	202670	81.721	25.27
zen_tuned	9094-lilith-ai-illustrations	0	90	241478	84.675	31.21
zen_tuned	9094-lilith-ai-illustrations	0	95	313192	87.812	34.37
zen_tuned	9094-lilith-ai-illustrations	2	10	39198	46.625	12.81
zen_tuned	9094-lilith-ai-illustrations	2	25	57396	56.696	13.99
zen_tuned	9094-lilith-ai-illustrations	2	35	69056	60.854	14.98
zen_tuned	9094-lilith-ai-illustrations	2	50	87514	66.697	16.06
zen_tuned	9094-lilith-ai-illustrations	2	65	105152	70.868	17.75
zen_tuned	9094-lilith-ai-illustrations	2	75	120916	73.953	18.80
zen_tuned	9094-lilith-ai-illustrations	2	85	185560	81.124	23.61
zen_tuned	9094-lilith-ai-illustrations	2	90	239156	84.816	26.37
zen_tuned	9094-lilith-ai-illustrations	2	95	312618	87.789	32.69
zen_tuned	9094-lilith-ai-illustrations	4	10	35082	45.642	34.89
zen_tuned	9094-lilith-ai-illustrations	4	25	52988	56.367	39.62
zen_tuned	9094-lilith-ai-illustrations	4	35	65590	60.857	40.05
zen_tuned	9094-lilith-ai-illustrations	4	50	85170	67.221	42.46
zen_tuned	9094-lilith-ai-illustrations	4	65	101300	70.996	44.52
zen_tuned	9094-lilith-ai-illustrations	4	75	118636	74.208	46.88
zen_tuned	9094-lilith-ai-illustrations	4	85	185224	81.568	55.10
zen_tuned	9094-lilith-ai-illustrations	4	90	243650	85.529	59.32
zen_tuned	9094-lilith-ai-illustrations	4	95	321968	88.362	64.08
zen_tuned	9094-lilith-ai-illustrations	6	10	31382	44.435	77.82
zen_tuned	9094-lilith-ai-illustrations	6	25	47210	56.140	100.56
zen_tuned	9094-lilith-ai-illustrations	6	35	59034	60.906	106.29
zen_tuned	9094-lilith-ai-illustrations	6	50	76552	66.856	123.13
zen_tuned	9094-lilith-ai-illustrations	6	65	92566	70.928	136.27
zen_tuned	9094-lilith-ai-illustrations	6	75	107376	73.983	149.06
zen_tuned	9094-lilith-ai-illustrations	6	85	170022	81.504	178.92
zen_tuned	9094-lilith-ai-illustrations	6	90	232088	85.504	196.99
zen_tuned	9094-lilith-ai-illustrations	6	95	313708	88.357	215.36
zen_tuned	9226-lilith-ai-products	0	10	7888	45.205	7.73
zen_tuned	9226-lilith-ai-products	0	25	10756	55.314	8.44
zen_tuned	9226-lilith-ai-products	0	35	13412	60.686	8.41
zen_tuned	9226-lilith-ai-products	0	50	17654	66.265	8.78
zen_tuned	9226-lilith-ai-products	0	65	21944	70.988	8.92
zen_tuned	9226-lilith-ai-products	0	75	25028	74.018	9.50
zen_tuned	9226-lilith-ai-products	0	85	42832	83.874	10.75
zen_tuned	9226-lilith-ai-products	0	90	55848	87.036	14.06
zen_tuned	9226-lilith-ai-products	0	95	81730	90.933	15.76
zen_tuned	9226-lilith-ai-products	2	10	5944	46.943	6.20
zen_tuned	9226-lilith-ai-products	2	25	8096	56.461	6.76
zen_tuned	9226-lilith-ai-products	2	35	10290	61.468	6.80
zen_tuned	9226-lilith-ai-products	2	50	13998	66.519	7.38
zen_tuned	9226-lilith-ai-products	2	65	18210	71.210	7.99
zen_tuned	9226-lilith-ai-products	2	75	22092	73.951	8.19
zen_tuned	9226-lilith-ai-products	2	85	41066	83.219	9.65
zen_tuned	9226-lilith-ai-products	2	90	54718	87.136	10.91
zen_tuned	9226-lilith-ai-products	2	95	80994	90.913	13.40
zen_tuned	9226-lilith-ai-products	4	10	5470	47.230	19.67
zen_tuned	9226-lilith-ai-products	4	25	7598	56.153	20.53
zen_tuned	9226-lilith-ai-products	4	35	9604	60.939	19.91
zen_tuned	9226-lilith-ai-products	4	50	13172	66.853	21.37
zen_tuned	9226-lilith-ai-products	4	65	17268	71.202	22.67
zen_tuned	9226-lilith-ai-products	4	75	21398	75.436	22.88
zen_tuned	9226-lilith-ai-products	4	85	38316	83.812	25.82
zen_tuned	9226-lilith-ai-products	4	90	55130	88.160	27.48
zen_tuned	9226-lilith-ai-products	4	95	81906	91.543	29.08
zen_tuned	9226-lilith-ai-products	6	10	5350	45.646	36.06
zen_tuned	9226-lilith-ai-products	6	25	7130	56.206	34.21
zen_tuned	9226-lilith-ai-products	6	35	8726	60.878	35.10
zen_tuned	9226-lilith-ai-products	6	50	11556	66.346	39.20
zen_tuned	9226-lilith-ai-products	6	65	15010	71.093	47.12
zen_tuned	9226-lilith-ai-products	6	75	18002	74.167	51.13
zen_tuned	9226-lilith-ai-products	6	85	33948	83.581	65.10
zen_tuned	9226-lilith-ai-products	6	90	52020	88.119	72.83
zen_tuned	9226-lilith-ai-products	6	95	78156	91.288	83.45
zen_tuned	cid22_1025469	0	10	4824	37.015	3.96
zen_tuned	cid22_1025469	0	25	7542	52.178	4.03
zen_tuned	cid22_1025469	0	35	9118	58.542	4.18
zen_tuned	cid22_1025469	0	50	11676	64.806	4.56
zen_tuned	cid22_1025469	0	65	14048	68.733	4.51
zen_tuned	cid22_1025469	0	75	16236	71.773	4.82
zen_tuned	cid22_1025469	0	85	24078	79.542	5.47
zen_tuned	cid22_1025469	0	90	28334	83.155	6.99
zen_tuned	cid22_1025469	0	95	45906	86.498	8.37
zen_tuned	cid22_1025469	2	10	4544	38.235	3.34
zen_tuned	cid22_1025469	2	25	6810	52.774	3.45
zen_tuned	cid22_1025469	2	35	8076	59.057	3.67
zen_tuned	cid22_1025469	2	50	10078	64.731	5.44
zen_tuned	cid22_1025469	2	65	12084	69.372	4.11
zen_tuned	cid22_1025469	2	75	13920	72.572	4.33
zen_tuned	cid22_1025469	2	85	20552	79.322	5.19
zen_tuned	cid22_1025469	2	90	28236	83.275	6.06
zen_tuned	cid22_1025469	2	95	45912	86.531	6.97
zen_tuned	cid22_1025469	4	10	4206	39.457	10.32
zen_tuned	cid22_1025469	4	25	6176	53.043	11.00
zen_tuned	cid22_1025469	4	35	7384	58.602	11.74
zen_tuned	cid22_1025469	4	50	9412	64.797	12.27
zen_tuned	cid22_1025469	4	65	11326	69.671	12.67
zen_tuned	cid22_1025469	4	75	13000	72.780	12.46
zen_tuned	cid22_1025469	4	85	20114	78.978	13.70
zen_tuned	cid22_1025469	4	90	28202	83.918	15.03
zen_tuned	cid22_1025469	4	95	46144	87.224	17.71
zen_tuned	cid22_1025469	6	10	4086	39.164	17.40
zen_tuned	cid22_1025469	6	25	5736	52.378	19.86
zen_tuned	cid22_1025469	6	35	6874	58.723	21.13
zen_tuned	cid22_1025469	6	50	8624	64.188	23.33
zen_tuned	cid22_1025469	6	65	10636	69.791	26.12
zen_tuned	cid22_1025469	6	75	12216	72.245	27.27
zen_tuned	cid22_1025469	6	85	19294	80.425	31.52
zen_tuned	cid22_1025469	6	90	25968	83.732	35.86
zen_tuned	cid22_1025469	6	95	43360	87.207	46.99
zen_tuned	cid22_1418519	0	10	4990	54.506	3.88
zen_tuned	cid22_1418519	0	25	7132	64.410	4.10
zen_tuned	cid22_1418519	0	35	8624	68.969	4.21
zen_tuned	cid22_1418519	0	50	10466	73.121	4.42
zen_tuned	cid22_1418519	0	65	12366	76.411	4.58
zen_tuned	cid22_1418519	0	75	13712	78.771	4.75
zen_tuned	cid22_1418519	0	85	20066	83.836	5.23
zen_tuned	cid22_1418519	0	90	23958	85.753	6.82
zen_tuned	cid22_1418519	0	95	36212	88.938	7.56
zen_tuned	cid22_1418519	2	10	4736	56.107	3.30
zen_tuned	cid22_1418519	2	25	6538	65.464	3.65
zen_tuned	cid22_1418519	2	35	7686	69.405	3.79
zen_tuned	cid22_1418519	2	50	9194	73.478	3.95
zen_tuned	cid22_1418519	2	65	10860	76.823	4.18
zen_tuned	cid22_1418519	2	75	12102	78.965	4.13
zen_tuned	cid22_1418519	2	85	17866	83.977	4.85
zen_tuned	cid22_1418519	2	90	23762	86.512	5.49
zen_tuned	cid22_1418519	2	95	36422	89.270	6.60
zen_tuned	cid22_1418519	4	10	4360	54.957	9.91
zen_tuned	cid22_1418519	4	25	5998	64.670	10.84
zen_tuned	cid22_1418519	4	35	7132	68.925	11.46
zen_tuned	cid22_1418519	4	50	8656	73.225	11.37
zen_tuned	cid22_1418519	4	65	10330	77.191	12.51
zen_tuned	cid22_1418519	4	75	11512	78.740	11.97
zen_tuned	cid22_1418519	4	85	17258	84.054	13.26
zen_tuned	cid22_1418519	4	90	22738	86.452	14.00
zen_tuned	cid22_1418519	4	95	35366	89.718	15.29
zen_tuned	cid22_1418519	6	10	4238	54.562	16.28
zen_tuned	cid22_1418519	6	25	5802	64.767	18.15
zen_tuned	cid22_1418519	6	35	6820	69.030	19.28
zen_tuned	cid22_1418519	6	50	8348	73.669	20.89
zen_tuned	cid22_1418519	6	65	10036	77.184	23.35
zen_tuned	cid22_1418519	6	75	11168	78.713	23.41
zen_tuned	cid22_1418519	6	85	16796	84.406	26.81
zen_tuned	cid22_1418519	6	90	22250	86.735	29.47
zen_tuned	cid22_1418519	6	95	34700	89.757	34.07
zen_tuned	cid22_382297	0	10	19482	34.355	5.11
zen_tuned	cid22_382297	0	25	28812	49.457	5.81
zen_tuned	cid22_382297	0	35	34220	55.763	6.13
zen_tuned	cid22_382297	0	50	41680	60.998	6.61
zen_tuned	cid22_382297	0	65	48656	65.380	7.07
zen_tuned	cid22_382297	0	75	54098	67.530	7.63
zen_tuned	cid22_382297	0	85	74142	72.741	9.21
zen_tuned	cid22_382297	0	90	89014	74.461	11.34
zen_tuned	cid22_382297	0	95	116020	76.030	12.72
zen_tuned	cid22_382297	2	10	19198	35.851	4.75
zen_tuned	cid22_382297	2	25	27244	50.744	5.58
zen_tuned	cid22_382297	2	35	31942	55.682	5.81
zen_tuned	cid22_382297	2	50	38958	61.039	6.59
zen_tuned	cid22_382297	2	65	45568	65.513	7.01
zen_tuned	cid22_382297	2	75	51132	67.680	7.50
zen_tuned	cid22_382297	2	85	71312	72.267	8.64
zen_tuned	cid22_382297	2	90	89328	74.502	9.46
zen_tuned	cid22_382297	2	95	116484	76.045	11.20
zen_tuned	cid22_382297	4	10	17562	34.707	13.64
zen_tuned	cid22_382297	4	25	25380	49.399	14.76
zen_tuned	cid22_382297	4	35	30112	55.916	15.49
zen_tuned	cid22_382297	4	50	37390	61.333	16.83
zen_tuned	cid22_382297	4	65	43394	65.074	16.94
zen_tuned	cid22_382297	4	75	49120	67.910	17.47
zen_tuned	cid22_382297	4	85	69736	72.866	19.98
zen_tuned	cid22_382297	4	90	88846	74.815	21.28
zen_tuned	cid22_382297	4	95	115744	76.306	23.76
zen_tuned	cid22_382297	6	10	16562	34.861	29.97
zen_tuned	cid22_382297	6	25	23862	50.219	36.39
zen_tuned	cid22_382297	6	35	28634	56.131	39.63
zen_tuned	cid22_382297	6	50	35488	61.406	42.31
zen_tuned	cid22_382297	6	65	42022	65.519	45.04
zen_tuned	cid22_382297	6	75	46952	68.089	49.62
zen_tuned	cid22_382297	6	85	67526	73.020	57.84
zen_tuned	cid22_382297	6	90	85226	74.762	66.17
zen_tuned	cid22_382297	6	95	111288	76.238	76.92
libwebp	1000-lilith-photos-general	0	10	46248	33.649	8.13
libwebp	1000-lilith-photos-general	0	25	76478	53.439	9.62
libwebp	1000-lilith-photos-general	0	35	89450	59.928	10.06
libwebp	1000-lilith-photos-general	0	50	107270	66.331	10.97
libwebp	1000-lilith-photos-general	0	65	124424	71.102	12.28
libwebp	1000-lilith-photos-general	0	75	138296	73.847	13.04
libwebp	1000-lilith-photos-general	0	85	188036	79.921	16.58
libwebp	1000-lilith-photos-general	0	90	228738	82.608	21.28
libwebp	1000-lilith-photos-general	0	95	295228	84.885	24.72
libwebp	1000-lilith-photos-general	2	10	32204	21.665	13.44
libwebp	1000-lilith-photos-general	2	25	53308	45.159	15.51
libwebp	1000-lilith-photos-general	2	35	66488	54.267	17.21
libwebp	1000-lilith-photos-general	2	50	87056	63.591	18.55
libwebp	1000-lilith-photos-general	2	65	103298	69.240	20.28
libwebp	1000-lilith-photos-general	2	75	116836	72.206	21.95
libwebp	1000-lilith-photos-general	2	85	166480	79.634	24.61
libwebp	1000-lilith-photos-general	2	90	214614	82.590	29.63
libwebp	1000-lilith-photos-general	2	95	292092	85.257	33.75
libwebp	1000-lilith-photos-general	4	10	30646	21.387	33.20
libwebp	1000-lilith-photos-general	4	25	51936	45.342	37.75
libwebp	1000-lilith-photos-general	4	35	64830	54.800	38.49
libwebp	1000-lilith-photos-general	4	50	84888	64.045	42.66
libwebp	1000-lilith-photos-general	4	65	100582	69.764	45.66
libwebp	1000-lilith-photos-general	4	75	113526	73.210	48.45
libwebp	1000-lilith-photos-general	4	85	164202	80.386	51.60
libwebp	1000-lilith-photos-general	4	90	212070	83.110	56.86
libwebp	1000-lilith-photos-general	4	95	290432	85.544	63.77
libwebp	1000-lilith-photos-general	6	10	26718	18.531	54.27
libwebp	1000-lilith-photos-general	6	25	46068	44.310	74.53
libwebp	1000-lilith-photos-general	6	35	58494	54.344	86.03
libwebp	1000-lilith-photos-general	6	50	78338	64.257	100.40
libwebp	1000-lilith-photos-general	6	65	95596	70.386	111.14
libwebp	1000-lilith-photos-general	6	75	107328	73.315	116.32
libwebp	1000-lilith-photos-general	6	85	158734	80.330	139.37
libwebp	1000-lilith-photos-general	6	90	202444	83.384	147.50
libwebp	1000-lilith-photos-general	6	95	282356	85.580	173.67
libwebp	1400-lilith-nature	0	10	21492	41.383	5.75
libwebp	1400-lilith-nature	0	25	36304	55.233	6.29
libwebp	1400-lilith-nature	0	35	44422	60.128	6.85
libwebp	1400-lilith-nature	0	50	56562	65.989	7.35
libwebp	1400-lilith-nature	0	65	70796	70.776	8.30
libwebp	1400-lilith-nature	0	75	78226	73.172	8.55
libwebp	1400-lilith-nature	0	85	124556	80.669	10.22
libwebp	1400-lilith-nature	0	90	153494	84.322	14.35
libwebp	1400-lilith-nature	0	95	234502	87.089	17.54
libwebp	1400-lilith-nature	2	10	14358	37.583	9.78
libwebp	1400-lilith-nature	2	25	23084	51.656	10.92
libwebp	1400-lilith-nature	2	35	29362	58.656	12.40
libwebp	1400-lilith-nature	2	50	38630	64.316	13.28
libwebp	1400-lilith-nature	2	65	47320	69.099	13.61
libwebp	1400-lilith-nature	2	75	55322	72.302	15.85
libwebp	1400-lilith-nature	2	85	84942	79.715	18.32
libwebp	1400-lilith-nature	2	90	114012	83.307	20.13
libwebp	1400-lilith-nature	2	95	183698	87.373	26.88
libwebp	1400-lilith-nature	4	10	13454	36.874	26.76
libwebp	1400-lilith-nature	4	25	21922	50.079	30.99
libwebp	1400-lilith-nature	4	35	28202	57.068	30.93
libwebp	1400-lilith-nature	4	50	37182	63.172	32.79
libwebp	1400-lilith-nature	4	65	45890	67.840	33.56
libwebp	1400-lilith-nature	4	75	54024	71.214	37.77
libwebp	1400-lilith-nature	4	85	83834	78.337	39.96
libwebp	1400-lilith-nature	4	90	114984	83.817	45.32
libwebp	1400-lilith-nature	4	95	183384	87.984	53.13
libwebp	1400-lilith-nature	6	10	11964	35.077	37.45
libwebp	1400-lilith-nature	6	25	19348	49.153	45.24
libwebp	1400-lilith-nature	6	35	25070	56.268	49.39
libwebp	1400-lilith-nature	6	50	33480	62.808	58.39
libwebp	1400-lilith-nature	6	65	42136	67.728	65.86
libwebp	1400-lilith-nature	6	75	49674	70.739	71.16
libwebp	1400-lilith-nature	6	85	80180	78.770	88.88
libwebp	1400-lilith-nature	6	90	110914	84.169	107.32
libwebp	1400-lilith-nature	6	95	167592	87.411	129.68
libwebp	1600-lilith-food	0	10	27666	46.156	6.98
libwebp	1600-lilith-food	0	25	41292	57.962	7.54
libwebp	1600-lilith-food	0	35	48774	63.073	8.06
libwebp	1600-lilith-food	0	50	59472	68.244	8.38
libwebp	1600-lilith-food	0	65	71880	72.603	9.09
libwebp	1600-lilith-food	0	75	80246	75.327	10.17
libwebp	1600-lilith-food	0	85	119774	82.426	12.10
libwebp	1600-lilith-food	0	90	142618	85.430	16.39
libwebp	1600-lilith-food	0	95	219978	89.268	20.05
libwebp	1600-lilith-food	2	10	21936	46.213	12.21
libwebp	1600-lilith-food	2	25	31026	57.827	13.92
libwebp	1600-lilith-food	2	35	36998	62.888	14.52
libwebp	1600-lilith-food	2	50	45686	68.084	15.55
libwebp	1600-lilith-food	2	65	54396	72.218	16.76
libwebp	1600-lilith-food	2	75	62050	74.947	17.03
libwebp	1600-lilith-food	2	85	99788	81.670	20.40
libwebp	1600-lilith-food	2	90	136226	85.806	22.59
libwebp	1600-lilith-food	2	95	205980	89.290	27.12
libwebp	1600-lilith-food	4	10	19568	44.888	30.10
libwebp	1600-lilith-food	4	25	27840	56.803	32.56
libwebp	1600-lilith-food	4	35	33698	62.274	33.54
libwebp	1600-lilith-food	4	50	42618	67.807	37.09
libwebp	1600-lilith-food	4	65	51360	72.206	39.17
libwebp	1600-lilith-food	4	75	59084	74.780	40.39
libwebp	1600-lilith-food	4	85	96612	82.779	42.97
libwebp	1600-lilith-food	4	90	134536	86.651	51.91
libwebp	1600-lilith-food	4	95	207176	89.947	57.15
libwebp	1600-lilith-food	6	10	19000	44.887	45.26
libwebp	1600-lilith-food	6	25	26736	56.681	51.70
libwebp	1600-lilith-food	6	35	32204	62.022	55.93
libwebp	1600-lilith-food	6	50	40412	67.834	64.29
libwebp	1600-lilith-food	6	65	48562	72.056	69.76
libwebp	1600-lilith-food	6	75	56040	74.673	78.24
libwebp	1600-lilith-food	6	85	90570	82.622	98.78
libwebp	1600-lilith-food	6	90	127514	86.527	124.35
libwebp	1600-lilith-food	6	95	196562	89.940	146.07
libwebp	2000-unsplash-people	0	10	17718	48.983	5.78
libwebp	2000-unsplash-people	0	25	26450	60.178	6.00
libwebp	2000-unsplash-people	0	35	32294	64.681	6.56
libwebp	2000-unsplash-people	0	50	39788	69.074	7.14
libwebp	2000-unsplash-people	0	65	47200	73.147	7.37
libwebp	2000-unsplash-people	0	75	53874	75.941	7.79
libwebp	2000-unsplash-people	0	85	81498	82.066	9.61
libwebp	2000-unsplash-people	0	90	103362	85.068	13.47
libwebp	2000-unsplash-people	0	95	152686	88.163	15.81
libwebp	2000-unsplash-people	2	10	14158	48.588	9.64
libwebp	2000-unsplash-people	2	25	20586	59.741	10.93
libwebp	2000-unsplash-people	2	35	24538	64.505	11.19
libwebp	2000-unsplash-people	2	50	30910	69.512	12.12
libwebp	2000-unsplash-people	2	65	37128	72.882	13.00
libwebp	2000-unsplash-people	2	75	42532	75.245	13.33
libwebp	2000-unsplash-people	2	85	67052	81.386	15.52
libwebp	2000-unsplash-people	2	90	91944	84.705	18.19
libwebp	2000-unsplash-people	2	95	152986	88.316	22.66
libwebp	2000-unsplash-people	4	10	12932	47.190	24.72
libwebp	2000-unsplash-people	4	25	18668	58.734	27.36
libwebp	2000-unsplash-people	4	35	22630	63.584	28.35
libwebp	2000-unsplash-people	4	50	28846	68.829	29.70
libwebp	2000-unsplash-people	4	65	35214	72.484	31.43
libwebp	2000-unsplash-people	4	75	40600	75.193	30.82
libwebp	2000-unsplash-people	4	85	64890	81.828	36.88
libwebp	2000-unsplash-people	4	90	91328	85.489	37.97
libwebp	2000-unsplash-people	4	95	152460	88.948	46.42
libwebp	2000-unsplash-people	6	10	12248	46.859	34.78
libwebp	2000-unsplash-people	6	25	17678	58.099	38.41
libwebp	2000-unsplash-people	6	35	21590	63.324	43.63
libwebp	2000-unsplash-people	6	50	27326	68.761	50.70
libwebp	2000-unsplash-people	6	65	33474	72.459	55.31
libwebp	2000-unsplash-people	6	75	38404	75.188	58.10
libwebp	2000-unsplash-people	6	85	61624	81.851	71.81
libwebp	2000-unsplash-people	6	90	88436	85.681	84.60
libwebp	2000-unsplash-people	6	95	141232	88.767	111.06
libwebp	2400-unsplash-textures	0	10	12362	56.144	5.38
libwebp	2400-unsplash-textures	0	25	16986	65.095	5.75
libwebp	2400-unsplash-textures	0	35	20222	68.244	5.87
libwebp	2400-unsplash-textures	0	50	26184	72.712	6.07
libwebp	2400-unsplash-textures	0	65	31574	75.366	6.52
libwebp	2400-unsplash-textures	0	75	36756	76.577	6.62
libwebp	2400-unsplash-textures	0	85	52600	80.223	7.47
libwebp	2400-unsplash-textures	0	90	68680	82.251	10.65
libwebp	2400-unsplash-textures	0	95	115262	83.940	12.30
libwebp	2400-unsplash-textures	2	10	8856	57.629	8.53
libwebp	2400-unsplash-textures	2	25	11594	65.753	9.44
libwebp	2400-unsplash-textures	2	35	13588	68.897	9.69
libwebp	2400-unsplash-textures	2	50	17004	72.188	9.73
libwebp	2400-unsplash-textures	2	65	19670	75.079	10.44
libwebp	2400-unsplash-textures	2	75	22430	76.117	10.66
libwebp	2400-unsplash-textures	2	85	34192	79.773	11.59
libwebp	2400-unsplash-textures	2	90	46542	81.665	12.47
libwebp	2400-unsplash-textures	2	95	80132	83.909	17.38
libwebp	2400-unsplash-textures	4	10	8170	55.853	23.48
libwebp	2400-unsplash-textures	4	25	10642	63.906	24.69
libwebp	2400-unsplash-textures	4	35	12500	67.634	25.00
libwebp	2400-unsplash-textures	4	50	15548	71.927	27.53
libwebp	2400-unsplash-textures	4	65	18384	74.642	29.78
libwebp	2400-unsplash-textures	4	75	21108	76.398	28.69
libwebp	2400-unsplash-textures	4	85	32622	79.951	32.91
libwebp	2400-unsplash-textures	4	90	45576	82.206	33.35
libwebp	2400-unsplash-textures	4	95	79474	83.872	39.88
libwebp	2400-unsplash-textures	6	10	8058	55.332	27.51
libwebp	2400-unsplash-textures	6	25	10458	63.553	29.45
libwebp	2400-unsplash-textures	6	35	12238	67.437	32.25
libwebp	2400-unsplash-textures	6	50	15252	72.056	33.49
libwebp	2400-unsplash-textures	6	65	17818	74.555	39.15
libwebp	2400-unsplash-textures	6	75	20382	76.226	40.00
libwebp	2400-unsplash-textures	6	85	31406	79.694	45.30
libwebp	2400-unsplash-textures	6	90	43510	82.114	51.33
libwebp	2400-unsplash-textures	6	95	73770	83.919	65.67
libwebp	3300-met-museum-photos	0	10	20528	45.529	6.44
libwebp	3300-met-museum-photos	0	25	31312	57.242	7.08
libwebp	3300-met-museum-photos	0	35	37900	62.558	7.41
libwebp	3300-met-museum-photos	0	50	47212	67.532	8.41
libwebp	3300-met-museum-photos	0	65	57114	71.708	8.82
libwebp	3300-met-museum-photos	0	75	66384	74.518	9.89
libwebp	3300-met-museum-photos	0	85	103476	81.286	12.20
libwebp	3300-met-museum-photos	0	90	137248	84.732	17.04
libwebp	3300-met-museum-photos	0	95	206214	88.676	20.85
libwebp	3300-met-museum-photos	2	10	16338	46.034	12.45
libwebp	3300-met-museum-photos	2	25	24866	57.155	12.65
libwebp	3300-met-museum-photos	2	35	30680	62.341	14.79
libwebp	3300-met-museum-photos	2	50	38278	67.308	14.22
libwebp	3300-met-museum-photos	2	65	46936	71.742	15.49
libwebp	3300-met-museum-photos	2	75	55374	74.421	16.83
libwebp	3300-met-museum-photos	2	85	89498	81.090	20.35
libwebp	3300-met-museum-photos	2	90	128520	85.051	23.09
libwebp	3300-met-museum-photos	2	95	224836	89.299	31.01
libwebp	3300-met-museum-photos	4	10	15054	45.653	30.10
libwebp	3300-met-museum-photos	4	25	22622	55.923	34.55
libwebp	3300-met-museum-photos	4	35	28450	61.100	36.07
libwebp	3300-met-museum-photos	4	50	35910	66.608	37.56
libwebp	3300-met-museum-photos	4	65	44666	70.446	39.81
libwebp	3300-met-museum-photos	4	75	52984	73.420	39.05
libwebp	3300-met-museum-photos	4	85	87242	81.547	43.71
libwebp	3300-met-museum-photos	4	90	128738	85.788	51.24
libwebp	3300-met-museum-photos	4	95	228912	90.061	62.69
libwebp	3300-met-museum-photos	6	10	14082	44.613	44.67
libwebp	3300-met-museum-photos	6	25	21090	55.436	53.59
libwebp	3300-met-museum-photos	6	35	26298	60.406	57.54
libwebp	3300-met-museum-photos	6	50	33418	65.388	64.38
libwebp	3300-met-museum-photos	6	65	42156	69.874	72.36
libwebp	3300-met-museum-photos	6	75	49542	73.478	78.88
libwebp	3300-met-museum-photos	6	85	82528	80.596	97.28
libwebp	3300-met-museum-photos	6	90	120098	85.937	128.30
libwebp	3300-met-museum-photos	6	95	210736	89.997	166.95
libwebp	5200-epa-climate-impact-2021-report	0	10	34196	56.743	7.21
libwebp	5200-epa-climate-impact-2021-report	0	25	47780	67.347	7.82
libwebp	5200-epa-climate-impact-2021-report	0	35	53888	71.284	7.89
libwebp	5200-epa-climate-impact-2021-report	0	50	63320	75.559	8.40
libwebp	5200-epa-climate-impact-2021-report	0	65	72972	79.382	9.26
libwebp	5200-epa-climate-impact-2021-report	0	75	78274	81.095	9.59
libwebp	5200-epa-climate-impact-2021-report	0	85	104504	85.746	11.18
libwebp	5200-epa-climate-impact-2021-report	0	90	121374	87.226	14.46
libwebp	5200-epa-climate-impact-2021-report	0	95	153938	88.986	16.38
libwebp	5200-epa-climate-impact-2021-report	2	10	23460	54.742	11.73
libwebp	5200-epa-climate-impact-2021-report	2	25	31974	64.769	12.73
libwebp	5200-epa-climate-impact-2021-report	2	35	38516	69.607	13.39
libwebp	5200-epa-climate-impact-2021-report	2	50	46102	74.352	13.90
libwebp	5200-epa-climate-impact-2021-report	2	65	53748	77.806	14.39
libwebp	5200-epa-climate-impact-2021-report	2	75	59990	80.111	15.00
libwebp	5200-epa-climate-impact-2021-report	2	85	85036	84.610	17.07
libwebp	5200-epa-climate-impact-2021-report	2	90	103896	86.778	18.15
libwebp	5200-epa-climate-impact-2021-report	2	95	147036	89.009	22.86
libwebp	5200-epa-climate-impact-2021-report	4	10	21902	53.756	30.91
libwebp	5200-epa-climate-impact-2021-report	4	25	29794	64.197	28.35
libwebp	5200-epa-climate-impact-2021-report	4	35	36100	68.933	30.16
libwebp	5200-epa-climate-impact-2021-report	4	50	43624	73.795	30.05
libwebp	5200-epa-climate-impact-2021-report	4	65	51130	77.507	32.23
libwebp	5200-epa-climate-impact-2021-report	4	75	57362	79.687	32.28
libwebp	5200-epa-climate-impact-2021-report	4	85	82934	85.210	35.25
libwebp	5200-epa-climate-impact-2021-report	4	90	102126	87.354	36.65
libwebp	5200-epa-climate-impact-2021-report	4	95	147164	89.256	43.20
libwebp	5200-epa-climate-impact-2021-report	6	10	20232	52.651	47.98
libwebp	5200-epa-climate-impact-2021-report	6	25	27944	63.334	50.33
libwebp	5200-epa-climate-impact-2021-report	6	35	33838	68.844	54.62
libwebp	5200-epa-climate-impact-2021-report	6	50	41132	73.711	59.92
libwebp	5200-epa-climate-impact-2021-report	6	65	48780	76.820	64.13
libwebp	5200-epa-climate-impact-2021-report	6	75	54654	80.153	64.85
libwebp	5200-epa-climate-impact-2021-report	6	85	79380	85.060	82.42
libwebp	5200-epa-climate-impact-2021-report	6	90	98796	87.422	84.45
libwebp	5200-epa-climate-impact-2021-report	6	95	143430	89.301	97.23
libwebp	7000-lilith-plots	0	10	185322	49.588	18.02
libwebp	7000-lilith-plots	0	25	232486	58.154	20.57
libwebp	7000-lilith-plots	0	35	249622	60.359	21.58
libwebp	7000-lilith-plots	0	50	274658	62.965	23.45
libwebp	7000-lilith-plots	0	65	294120	64.461	24.13
libwebp	7000-lilith-plots	0	75	310214	65.500	25.40
libwebp	7000-lilith-plots	0	85	358702	66.944	28.36
libwebp	7000-lilith-plots	0	90	351944	66.923	33.19
libwebp	7000-lilith-plots	0	95	411428	67.210	35.85
libwebp	7000-lilith-plots	2	10	152018	50.020	29.03
libwebp	7000-lilith-plots	2	25	187472	56.443	30.83
libwebp	7000-lilith-plots	2	35	204382	60.034	31.82
libwebp	7000-lilith-plots	2	50	226774	62.398	34.56
libwebp	7000-lilith-plots	2	65	248304	64.267	36.34
libwebp	7000-lilith-plots	2	75	264068	64.758	37.65
libwebp	7000-lilith-plots	2	85	314646	66.034	39.98
libwebp	7000-lilith-plots	2	90	351064	67.112	42.15
libwebp	7000-lilith-plots	2	95	400718	67.348	45.18
libwebp	7000-lilith-plots	4	10	146954	49.693	57.12
libwebp	7000-lilith-plots	4	25	181268	56.763	66.64
libwebp	7000-lilith-plots	4	35	197550	59.190	67.50
libwebp	7000-lilith-plots	4	50	218750	62.176	66.81
libwebp	7000-lilith-plots	4	65	239718	64.324	69.70
libwebp	7000-lilith-plots	4	75	254200	64.835	68.97
libwebp	7000-lilith-plots	4	85	301668	66.273	74.71
libwebp	7000-lilith-plots	4	90	335996	67.156	77.64
libwebp	7000-lilith-plots	4	95	385232	67.364	83.25
libwebp	7000-lilith-plots	6	10	141972	49.198	149.71
libwebp	7000-lilith-plots	6	25	176956	56.661	159.92
libwebp	7000-lilith-plots	6	35	193832	59.231	163.12
libwebp	7000-lilith-plots	6	50	215308	61.909	164.23
libwebp	7000-lilith-plots	6	65	236532	64.023	162.58
libwebp	7000-lilith-plots	6	75	250954	64.729	170.16
libwebp	7000-lilith-plots	6	85	299438	66.222	170.08
libwebp	7000-lilith-plots	6	90	333518	67.164	172.59
libwebp	7000-lilith-plots	6	95	380894	67.285	172.59
libwebp	8100-lilith-web-screenshots	0	10	28990	61.502	5.60
libwebp	8100-lilith-web-screenshots	0	25	39222	69.722	6.45
libwebp	8100-lilith-web-screenshots	0	35	44750	73.541	6.92
libwebp	8100-lilith-web-screenshots	0	50	50882	77.436	7.60
libwebp	8100-lilith-web-screenshots	0	65	57678	80.375	7.34
libwebp	8100-lilith-web-screenshots	0	75	62552	82.085	8.03
libwebp	8100-lilith-web-screenshots	0	85	82356	84.917	9.10
libwebp	8100-lilith-web-screenshots	0	90	88182	85.901	10.99
libwebp	8100-lilith-web-screenshots	0	95	110348	86.943	12.93
libwebp	8100-lilith-web-screenshots	2	10	22024	58.896	9.36
libwebp	8100-lilith-web-screenshots	2	25	28546	67.280	10.69
libwebp	8100-lilith-web-screenshots	2	35	32172	71.191	11.27
libwebp	8100-lilith-web-screenshots	2	50	38370	75.519	11.28
libwebp	8100-lilith-web-screenshots	2	65	42976	78.435	11.50
libwebp	8100-lilith-web-screenshots	2	75	47568	81.003	11.63
libwebp	8100-lilith-web-screenshots	2	85	63556	84.318	12.76
libwebp	8100-lilith-web-screenshots	2	90	77106	85.710	13.42
libwebp	8100-lilith-web-screenshots	2	95	98568	86.652	16.77
libwebp	8100-lilith-web-screenshots	4	10	20420	58.864	25.13
libwebp	8100-lilith-web-screenshots	4	25	26732	67.734	23.23
libwebp	8100-lilith-web-screenshots	4	35	30384	71.172	23.66
libwebp	8100-lilith-web-screenshots	4	50	36506	76.248	24.09
libwebp	8100-lilith-web-screenshots	4	65	41326	78.433	24.56
libwebp	8100-lilith-web-screenshots	4	75	45742	81.183	25.40
libwebp	8100-lilith-web-screenshots	4	85	61798	84.437	26.96
libwebp	8100-lilith-web-screenshots	4	90	75238	85.983	28.78
libwebp	8100-lilith-web-screenshots	4	95	96688	86.699	31.68
libwebp	8100-lilith-web-screenshots	6	10	19158	58.403	35.74
libwebp	8100-lilith-web-screenshots	6	25	25638	67.686	37.86
libwebp	8100-lilith-web-screenshots	6	35	29402	71.163	39.93
libwebp	8100-lilith-web-screenshots	6	50	35048	76.172	42.01
libwebp	8100-lilith-web-screenshots	6	65	39980	78.450	44.50
libwebp	8100-lilith-web-screenshots	6	75	44090	80.545	45.48
libwebp	8100-lilith-web-screenshots	6	85	59706	84.492	54.46
libwebp	8100-lilith-web-screenshots	6	90	73530	85.985	56.53
libwebp	8100-lilith-web-screenshots	6	95	94480	86.688	58.62
libwebp	9000-lilith-ai-clipart	0	10	10624	68.807	4.68
libwebp	9000-lilith-ai-clipart	0	25	13756	75.305	4.91
libwebp	9000-lilith-ai-clipart	0	35	15768	78.747	5.13
libwebp	9000-lilith-ai-clipart	0	50	17736	82.259	5.05
libwebp	9000-lilith-ai-clipart	0	65	19742	84.501	5.14
libwebp	9000-lilith-ai-clipart	0	75	20128	86.288	5.42
libwebp	9000-lilith-ai-clipart	0	85	25244	90.059	5.64
libwebp	9000-lilith-ai-clipart	0	90	26452	91.851	7.79
libwebp	9000-lilith-ai-clipart	0	95	34200	93.483	8.86
libwebp	9000-lilith-ai-clipart	2	10	6136	69.999	7.35
libwebp	9000-lilith-ai-clipart	2	25	7348	76.579	7.54
libwebp	9000-lilith-ai-clipart	2	35	8214	78.908	8.02
libwebp	9000-lilith-ai-clipart	2	50	10160	81.850	7.89
libwebp	9000-lilith-ai-clipart	2	65	11024	84.687	8.06
libwebp	9000-lilith-ai-clipart	2	75	12230	85.974	8.14
libwebp	9000-lilith-ai-clipart	2	85	16918	89.761	8.98
libwebp	9000-lilith-ai-clipart	2	90	21766	91.581	9.12
libwebp	9000-lilith-ai-clipart	2	95	30050	93.473	13.82
libwebp	9000-lilith-ai-clipart	4	10	5776	69.251	25.09
libwebp	9000-lilith-ai-clipart	4	25	6800	76.083	19.04
libwebp	9000-lilith-ai-clipart	4	35	7692	78.753	19.36
libwebp	9000-lilith-ai-clipart	4	50	9228	81.853	18.79
libwebp	9000-lilith-ai-clipart	4	65	10508	84.654	18.35
libwebp	9000-lilith-ai-clipart	4	75	11560	86.089	19.31
libwebp	9000-lilith-ai-clipart	4	85	16226	89.876	19.23
libwebp	9000-lilith-ai-clipart	4	90	20852	91.879	20.98
libwebp	9000-lilith-ai-clipart	4	95	29690	93.203	22.22
libwebp	9000-lilith-ai-clipart	6	10	5390	67.362	29.61
libwebp	9000-lilith-ai-clipart	6	25	6376	75.683	24.51
libwebp	9000-lilith-ai-clipart	6	35	7260	78.678	24.16
libwebp	9000-lilith-ai-clipart	6	50	8858	81.730	25.28
libwebp	9000-lilith-ai-clipart	6	65	10038	84.371	25.60
libwebp	9000-lilith-ai-clipart	6	75	11058	85.913	26.51
libwebp	9000-lilith-ai-clipart	6	85	15526	89.726	29.23
libwebp	9000-lilith-ai-clipart	6	90	20250	91.813	31.07
libwebp	9000-lilith-ai-clipart	6	95	29128	93.187	33.38
libwebp	9094-lilith-ai-illustrations	0	10	52006	47.349	8.03
libwebp	9094-lilith-ai-illustrations	0	25	77876	58.399	9.34
libwebp	9094-lilith-ai-illustrations	0	35	91550	63.044	9.86
libwebp	9094-lilith-ai-illustrations	0	50	108860	67.692	11.49
libwebp	9094-lilith-ai-illustrations	0	65	128682	72.188	12.30
libwebp	9094-lilith-ai-illustrations	0	75	142202	74.410	13.03
libwebp	9094-lilith-ai-illustrations	0	85	206884	81.218	16.89
libwebp	9094-lilith-ai-illustrations	0	90	250910	84.571	22.38
libwebp	9094-lilith-ai-illustrations	0	95	320888	87.713	25.89
libwebp	9094-lilith-ai-illustrations	2	10	38808	45.994	14.74
libwebp	9094-lilith-ai-illustrations	2	25	57052	56.643	15.61
libwebp	9094-lilith-ai-illustrations	2	35	68744	60.755	16.68
libwebp	9094-lilith-ai-illustrations	2	50	87280	66.235	17.85
libwebp	9094-lilith-ai-illustrations	2	65	104862	70.854	19.54
libwebp	9094-lilith-ai-illustrations	2	75	120614	73.655	20.24
libwebp	9094-lilith-ai-illustrations	2	85	185218	81.060	26.37
libwebp	9094-lilith-ai-illustrations	2	90	238776	85.022	28.91
libwebp	9094-lilith-ai-illustrations	2	95	312240	87.922	34.04
libwebp	9094-lilith-ai-illustrations	4	10	35506	45.201	34.11
libwebp	9094-lilith-ai-illustrations	4	25	53722	56.830	37.09
libwebp	9094-lilith-ai-illustrations	4	35	65814	61.324	37.67
libwebp	9094-lilith-ai-illustrations	4	50	84474	67.056	37.89
libwebp	9094-lilith-ai-illustrations	4	65	102378	71.247	40.76
libwebp	9094-lilith-ai-illustrations	4	75	118482	74.390	42.23
libwebp	9094-lilith-ai-illustrations	4	85	185806	81.781	51.78
libwebp	9094-lilith-ai-illustrations	4	90	243674	85.604	61.78
libwebp	9094-lilith-ai-illustrations	4	95	320422	88.408	64.48
libwebp	9094-lilith-ai-illustrations	6	10	32118	44.409	57.01
libwebp	9094-lilith-ai-illustrations	6	25	48938	56.866	74.22
libwebp	9094-lilith-ai-illustrations	6	35	60184	61.564	82.81
libwebp	9094-lilith-ai-illustrations	6	50	77676	66.824	94.52
libwebp	9094-lilith-ai-illustrations	6	65	95770	71.275	101.33
libwebp	9094-lilith-ai-illustrations	6	75	109496	74.160	109.28
libwebp	9094-lilith-ai-illustrations	6	85	173950	81.771	141.14
libwebp	9094-lilith-ai-illustrations	6	90	235602	85.670	169.44
libwebp	9094-lilith-ai-illustrations	6	95	316618	88.451	189.84
libwebp	9226-lilith-ai-products	0	10	9308	50.114	4.08
libwebp	9226-lilith-ai-products	0	25	14020	59.896	4.26
libwebp	9226-lilith-ai-products	0	35	17554	64.872	4.42
libwebp	9226-lilith-ai-products	0	50	22194	69.683	4.66
libwebp	9226-lilith-ai-products	0	65	28478	75.202	5.14
libwebp	9226-lilith-ai-products	0	75	31618	77.631	5.28
libwebp	9226-lilith-ai-products	0	85	50716	85.616	6.45
libwebp	9226-lilith-ai-products	0	90	64702	88.930	9.18
libwebp	9226-lilith-ai-products	0	95	86904	91.362	10.27
libwebp	9226-lilith-ai-products	2	10	5756	46.717	6.43
libwebp	9226-lilith-ai-products	2	25	7908	56.708	6.75
libwebp	9226-lilith-ai-products	2	35	10124	61.659	7.06
libwebp	9226-lilith-ai-products	2	50	13742	66.871	8.00
libwebp	9226-lilith-ai-products	2	65	17974	71.500	8.58
libwebp	9226-lilith-ai-products	2	75	21954	74.490	8.97
libwebp	9226-lilith-ai-products	2	85	40966	83.453	10.31
libwebp	9226-lilith-ai-products	2	90	54468	87.184	11.43
libwebp	9226-lilith-ai-products	2	95	80542	91.036	14.81
libwebp	9226-lilith-ai-products	4	10	5506	45.677	21.79
libwebp	9226-lilith-ai-products	4	25	7262	55.878	17.88
libwebp	9226-lilith-ai-products	4	35	9248	60.686	17.45
libwebp	9226-lilith-ai-products	4	50	12766	66.522	18.54
libwebp	9226-lilith-ai-products	4	65	16790	70.846	20.27
libwebp	9226-lilith-ai-products	4	75	20576	73.817	19.69
libwebp	9226-lilith-ai-products	4	85	39484	84.131	22.80
libwebp	9226-lilith-ai-products	4	90	54014	87.865	24.16
libwebp	9226-lilith-ai-products	4	95	80974	91.577	26.06
libwebp	9226-lilith-ai-products	6	10	5032	43.763	26.33
libwebp	9226-lilith-ai-products	6	25	6744	55.602	21.70
libwebp	9226-lilith-ai-products	6	35	8424	60.408	24.43
libwebp	9226-lilith-ai-products	6	50	11308	65.703	26.73
libwebp	9226-lilith-ai-products	6	65	14640	70.150	32.00
libwebp	9226-lilith-ai-products	6	75	17602	73.441	36.31
libwebp	9226-lilith-ai-products	6	85	36132	83.943	52.20
libwebp	9226-lilith-ai-products	6	90	51458	87.494	57.08
libwebp	9226-lilith-ai-products	6	95	79354	91.594	67.81
libwebp	cid22_1025469	0	10	6032	40.848	1.95
libwebp	cid22_1025469	0	25	9242	54.710	2.19
libwebp	cid22_1025469	0	35	10884	59.652	2.26
libwebp	cid22_1025469	0	50	13648	65.862	2.43
libwebp	cid22_1025469	0	65	16582	70.572	2.58
libwebp	cid22_1025469	0	75	18590	73.587	2.73
libwebp	cid22_1025469	0	85	28736	80.398	3.22
libwebp	cid22_1025469	0	90	32670	83.635	4.37
libwebp	cid22_1025469	0	95	48198	86.588	5.22
libwebp	cid22_1025469	2	10	4434	38.261	3.24
libwebp	cid22_1025469	2	25	6606	52.877	3.66
libwebp	cid22_1025469	2	35	7968	59.253	3.74
libwebp	cid22_1025469	2	50	9932	65.054	4.05
libwebp	cid22_1025469	2	65	11942	69.603	4.49
libwebp	cid22_1025469	2	75	13854	72.697	4.57
libwebp	cid22_1025469	2	85	20416	79.305	5.43
libwebp	cid22_1025469	2	90	28124	83.072	6.27
libwebp	cid22_1025469	2	95	45444	86.531	7.54
libwebp	cid22_1025469	4	10	4120	38.134	9.31
libwebp	cid22_1025469	4	25	6124	51.622	10.07
libwebp	cid22_1025469	4	35	7298	58.171	10.12
libwebp	cid22_1025469	4	50	9278	64.523	10.90
libwebp	cid22_1025469	4	65	11226	69.268	11.23
libwebp	cid22_1025469	4	75	13072	72.752	11.85
libwebp	cid22_1025469	4	85	19968	78.584	13.12
libwebp	cid22_1025469	4	90	28066	83.146	13.83
libwebp	cid22_1025469	4	95	45484	87.020	16.03
libwebp	cid22_1025469	6	10	3864	36.337	11.91
libwebp	cid22_1025469	6	25	5668	51.365	14.03
libwebp	cid22_1025469	6	35	6762	58.077	15.26
libwebp	cid22_1025469	6	50	8636	63.853	17.10
libwebp	cid22_1025469	6	65	10562	69.405	18.76
libwebp	cid22_1025469	6	75	12070	72.227	19.79
libwebp	cid22_1025469	6	85	19122	79.094	25.24
libwebp	cid22_1025469	6	90	26816	83.818	30.12
libwebp	cid22_1025469	6	95	42474	87.056	37.25
libwebp	cid22_1418519	0	10	6026	55.650	2.05
libwebp	cid22_1418519	0	25	8638	64.448	2.10
libwebp	cid22_1418519	0	35	10322	69.210	2.16
libwebp	cid22_1418519	0	50	12974	73.198	2.32
libwebp	cid22_1418519	0	65	15504	76.679	2.50
libwebp	cid22_1418519	0	75	17112	78.876	2.65
libwebp	cid22_1418519	0	85	24510	83.950	2.93
libwebp	cid22_1418519	0	90	28702	86.051	4.07
libwebp	cid22_1418519	0	95	43798	88.835	4.59
libwebp	cid22_1418519	2	10	4604	55.680	3.35
libwebp	cid22_1418519	2	25	6434	64.647	3.46
libwebp	cid22_1418519	2	35	7580	69.052	3.71
libwebp	cid22_1418519	2	50	9160	72.691	3.96
libwebp	cid22_1418519	2	65	10808	76.395	4.10
libwebp	cid22_1418519	2	75	11966	78.929	4.42
libwebp	cid22_1418519	2	85	17810	83.479	5.10
libwebp	cid22_1418519	2	90	23732	85.820	5.63
libwebp	cid22_1418519	2	95	36066	88.952	6.79
libwebp	cid22_1418519	4	10	4322	54.616	8.50
libwebp	cid22_1418519	4	25	5938	64.549	9.17
libwebp	cid22_1418519	4	35	7098	68.734	9.69
libwebp	cid22_1418519	4	50	8602	73.361	9.93
libwebp	cid22_1418519	4	65	10266	76.805	10.67
libwebp	cid22_1418519	4	75	11506	78.922	11.28
libwebp	cid22_1418519	4	85	17246	84.460	12.01
libwebp	cid22_1418519	4	90	23086	87.070	13.00
libwebp	cid22_1418519	4	95	35278	89.751	14.36
libwebp	cid22_1418519	6	10	4194	53.809	11.22
libwebp	cid22_1418519	6	25	5772	64.548	12.88
libwebp	cid22_1418519	6	35	6808	68.839	13.69
libwebp	cid22_1418519	6	50	8316	73.192	14.95
libwebp	cid22_1418519	6	65	10008	76.619	16.63
libwebp	cid22_1418519	6	75	11216	78.808	17.09
libwebp	cid22_1418519	6	85	16704	84.518	20.64
libwebp	cid22_1418519	6	90	22520	87.042	23.69
libwebp	cid22_1418519	6	95	34428	89.690	27.40
libwebp	cid22_382297	0	10	21520	36.488	3.04
libwebp	cid22_382297	0	25	31696	50.559	3.56
libwebp	cid22_382297	0	35	37370	56.220	3.88
libwebp	cid22_382297	0	50	44250	61.461	4.21
libwebp	cid22_382297	0	65	51318	65.472	4.71
libwebp	cid22_382297	0	75	57008	67.682	5.12
libwebp	cid22_382297	0	85	76360	72.198	6.29
libwebp	cid22_382297	0	90	91820	74.392	8.01
libwebp	cid22_382297	0	95	120918	75.752	9.45
libwebp	cid22_382297	2	10	19262	37.227	5.47
libwebp	cid22_382297	2	25	27280	51.257	6.44
libwebp	cid22_382297	2	35	31922	55.659	6.56
libwebp	cid22_382297	2	50	38922	61.075	7.16
libwebp	cid22_382297	2	65	45202	65.067	7.62
libwebp	cid22_382297	2	75	51164	67.498	7.92
libwebp	cid22_382297	2	85	71328	72.318	9.42
libwebp	cid22_382297	2	90	89392	74.319	10.94
libwebp	cid22_382297	2	95	116610	76.045	12.23
libwebp	cid22_382297	4	10	17666	35.612	12.42
libwebp	cid22_382297	4	25	25590	50.009	13.11
libwebp	cid22_382297	4	35	30276	55.650	14.56
libwebp	cid22_382297	4	50	37350	61.145	15.47
libwebp	cid22_382297	4	65	43540	65.339	15.67
libwebp	cid22_382297	4	75	49468	68.215	15.79
libwebp	cid22_382297	4	85	70102	72.975	17.75
libwebp	cid22_382297	4	90	89466	74.925	20.31
libwebp	cid22_382297	4	95	117128	76.246	22.99
libwebp	cid22_382297	6	10	16794	36.046	22.76
libwebp	cid22_382297	6	25	24316	50.880	26.70
libwebp	cid22_382297	6	35	29062	55.912	29.12
libwebp	cid22_382297	6	50	35798	61.344	32.38
libwebp	cid22_382297	6	65	41908	65.477	37.23
libwebp	cid22_382297	6	75	47406	68.375	38.24
libwebp	cid22_382297	6	85	67860	73.078	46.64
libwebp	cid22_382297	6	90	86270	74.907	52.61
libwebp	cid22_382297	6	95	113220	76.261	63.77
